<?xml version="1.0" encoding="windows-1252"?>
<!--  This file conforms to the DTD xdc/bld/build.dtd -->
<package name="configPkg" version="" producerId="undefined">
    <units>
    </units>
    <sources>
        <srcFile name="package/cfg/idle_p28L.c"/>
    </sources>
    <configscripts>
        <srcFile name="C:/ti/workspace/Receiver/idle.cfg"/>
    </configscripts>
    <makefiles>
        <srcFile name="package.mak" src="package.bld"/>
        <srcFile name="package/package.xdc.dep" src="package.xdc"/>
        <srcFile name="package/cfg/idle_p28L.mak" src="package.bld"/>
        <srcFile name="package/cfg/idle_p28L.o28L.dep" src="package/cfg/idle_p28L.c"/>
        <srcFile name="package/cfg/idle_p28L.dep" src="package/cfg/idle_p28L.cfg"/>
        <srcFile name="package/cfg/idle.x28L.mak" src="package.bld"/>
        <srcFile name="package/rel/configPkg.tar.dep" src="package/rel/configPkg.xdc.inc"/>
    </makefiles>
    <targets>
        <target name="ti.targets.C28_large"
            version="ti.targets.C28_large{1,0,18.1,4"
            rawVersion="18.1.4"
            platform="ti.platforms.sim28xx"
            isa="28"
            suffix="28L"
            rootDir="C:/ti/ccs831/ccsv8/tools/compiler/ti-cgt-c2000_18.1.4.LTS"
            os="undefined"
            rts="ti.targets.rts2800">
            <model endian="little"
                codeModel="undefined"
                dataModel="large"/>
        </target>
    </targets>
    <libraries>
    </libraries>
    <configurations>
    <configuration name="idle"
        pname="idle.p28L"
        target="ti.targets.C28_large"
        platform="ti.platforms.tms320x28:TMS320F28027"
        profile="release"
        isPartial="false"
        xCfgScript="package/cfg/idle_p28L.cfg"
        xCfgPrefix="package/cfg/idle_p28L"
        cfgScript="C:/ti/workspace/Receiver/idle.cfg"
        cfgArgs="null"
        />
    </configurations>
    <executables>
    <executable name="idle"
        pname="idle.x28L"
        target="ti.targets.C28_large"
        platform="ti.platforms.tms320x28:TMS320F28027"
        profile="release"
        xCfgScript="package/cfg/idle_p28L.cfg"
        xCfgPrefix="package/cfg/idle_p28L"
        cfgScript="C:/ti/workspace/Receiver/idle.cfg"
        cfgArgs="null"
        />
    </executables>
    <tests>
    <test exeName="idle.x28L"
        args=""
        groupName="idle.x28L"
        refOutput="undefined"
        refExitCode="0"
        execArgs=""
        />
    </tests>
    <releases relDir="package/rel/">
    <release name="configPkg"
        pname="configPkg.tar"
        label="default"
    >
        <file name="package/package.bld.xml"/>
        <file name="package/build.cfg"/>
        <file name="package/package.xdc.inc"/>
    </release>
    </releases>
    <repositories>
    </repositories>
</package>
